{"cameraMode":{"drawMode":0,"name":"Shaded","section":"Shading Mode"},"sceneLighting":true,"audioPlay":false,"sceneViewState":{"showFog":false,"showMaterialUpdate":false,"showSkybox":false,"showFlares":false,"showImageEffects":false,"showParticleSystems":false},"in2DMode":false,"pivot":{"x":-22.629745483398439,"y":19.749858856201173,"z":13.625032424926758},"rotation":{"x":-0.14735455811023713,"y":0.6879344582557678,"z":-0.145827054977417,"w":-0.6956596970558167},"size":81.85102844238281,"orthographic":false}