{"cameraMode":{"drawMode":0,"name":"Shaded","section":"Shading Mode"},"sceneLighting":true,"audioPlay":false,"sceneViewState":{"showFog":false,"showMaterialUpdate":false,"showSkybox":false,"showFlares":false,"showImageEffects":false,"showParticleSystems":false},"in2DMode":false,"pivot":{"x":-46.76951599121094,"y":14.636702537536621,"z":8.15244197845459},"rotation":{"x":0.04675789549946785,"y":-0.7078448534011841,"z":0.046957675367593768,"w":0.7033807635307312},"size":110.06006622314453,"orthographic":false}